Column1,word,count,pertinence,materials
0,fiber,708,0,
1,spin,520,0,
2,centrifug,402,0,
3,nanofib,289,1,
4,solut,197,1,
5,polym,185,0,
6,high,184,0,
7,method,182,0,
8,diamet,181,1,
9,result,173,0,
10,process,169,0,
11,jet,153,1,
12,scaffold,149,0,
13,produc,148,0,
14,product,144,0,
15,show,141,0,
16,prepar,139,0,
17,fabric,135,0,
18,studi,133,0,
19,fibr,132,0,
20,composit,131,1,
21,materi,131,0,
22,structur,127,1,
23,speed,124,0,
24,morpholog,121,1,
25,properti,119,0,
26,cell,116,0,
27,applic,114,0,
28,effect,113,0,
29,electrospin,112,1,
30,concentr,107,1,
31,carbon,104,0,
32,obtain,104,0,
33,rotat,101,0,
34,perform,95,0,
35,techniqu,94,0,
36,increas,93,0,
37,tissu,93,0,
38,compar,89,0,
39,surfac,87,0,
40,spun,84,0,
41,thermal,82,1,
42,fibrou,80,0,
43,develop,79,0,
44,degre,77,0,
45,pan,77,0,1
46,paramet,76,0,
47,forc,75,0,
48,mechan,74,0,
49,model,73,1,
50,electron,72,0,
51,scan,71,0,
52,base,69,0,
53,rate,69,0,
54,engin,69,0,
55,rotari,66,0,
56,investig,66,0,
57,nozzl,65,1,
58,format,65,0,
59,demonstr,64,0,
60,phase,64,0,
61,temperatur,63,1,
62,microscopi,61,0,
63,system,60,0,
64,analysi,59,0,
65,work,59,0,
66,tio,59,0,
67,membran,58,1,
68,solvent,58,1,
69,poli,57,0,
70,air,57,0,
71,present,55,0,
72,higher,55,0,
73,addit,55,0,
74,potenti,54,0,
75,microfib,54,1,
76,improv,53,0,
77,capac,53,0,
78,form,53,0,
79,pcl,52,0,1
80,low,51,0,
81,drug,51,0,
82,stabil,51,0,
83,character,51,0,
84,control,50,0,
85,decreas,50,0,
86,effici,50,0,
87,precursor,49,1,
88,larg,49,0,
89,found,48,0,
90,technolog,48,0,
91,mat,48,1,
92,align,48,0,
93,viscos,48,1,
94,promis,47,0,
95,elsevi,47,0,
96,heat,46,1,
97,melt,45,1,
98,enhanc,44,0,
99,treatment,44,0,
100,pvp,44,0,1
101,pla,44,0,1
102,test,43,0,
103,area,43,0,
104,activ,43,0,
105,nanofibr,43,1,
106,condit,43,0,
107,water,43,1,
108,cycl,43,0,
109,nm,43,0,
110,approach,43,0,
111,nano,43,0,
112,rj,42,0,
113,combin,42,0,
114,evalu,41,0,
115,ray,41,1,
116,rang,41,0,
117,chang,40,0,
118,optim,40,0,
119,anod,40,0,
120,wt,40,0,
121,batteri,39,0,
122,right,39,0,
123,reserv,39,0,
124,micro,39,0,
125,spinneret,39,0,
126,crystallin,39,1,
127,averag,38,0,
128,ratio,37,0,
129,highli,37,0,
130,mu,37,0,
131,field,36,0,
132,ion,36,0,
133,sampl,36,0,
134,success,36,0,
135,coat,36,1,
136,observ,36,0,
137,porou,35,0,
138,size,35,0,
139,exhibit,35,0,
140,includ,35,0,
141,polymer,35,0,
142,cost,35,0,
143,sem,35,0,
144,simpl,35,0,
145,influenc,34,0,
146,limit,34,0,
147,voltag,34,0,
148,chemic,34,0,
149,reduc,34,0,
150,good,34,0,
151,scale,34,1,
152,initi,34,0,
153,measur,34,0,
154,transform,33,0,
155,acid,33,0,
156,affect,32,0,
157,oxid,32,0,
158,orient,32,0,
159,chitosan,32,0,1
160,distribut,31,0,
161,separ,31,0,
162,provid,31,0,
163,report,31,0,
164,blend,31,1,
165,appli,31,0,
166,function,31,0,
167,spectroscopi,31,0,
168,thin,31,0,
169,specif,31,0,
170,releas,31,0,
171,gener,31,0,
172,sol,31,0,
173,recent,30,0,
174,paper,30,0,
175,load,30,0,
176,diffract,30,0,
177,design,29,0,
178,manufactur,29,0,
179,analyz,29,0,
180,determin,29,0,
181,prolifer,29,0,
182,wound,29,0,
183,peg,29,0,
184,free,29,0,
185,sio,29,0,1
186,veloc,28,0,
187,flexibl,28,0,
188,conduct,28,0,
189,gelatin,28,0,1
190,degrad,28,0,
191,strength,28,1,
192,differenti,27,0,
193,rpm,27,0,
194,achiev,27,0,
195,flow,26,0,
196,yield,26,0,
197,current,26,0,
198,requir,26,0,
199,content,26,0,
200,biomed,26,0,
201,adsorpt,26,0,
202,mass,26,0,
203,bead,26,1,
204,powder,26,0,1
205,small,25,0,
206,collector,25,0,
207,distanc,25,0,
208,fine,25,0,
209,layer,25,0,
210,biocompat,25,0,
211,xrd,25,0,
212,wide,24,0,
213,electrochem,24,0,
214,filtrat,24,1,
215,number,24,0,
216,min,24,0,
217,factor,24,0,
218,gel,24,0,
219,continu,24,0,
220,viscoelast,24,0,
221,algin,24,0,
222,poros,23,0,
223,bone,23,0,
224,aqueou,23,0,
225,promot,23,0,
226,time,23,0,
227,confirm,23,0,
228,infrar,23,0,
229,deposit,23,0,
230,fluid,23,0,
231,pressur,23,0,
232,length,22,0,
233,radiu,22,0,
234,experi,22,0,
235,volum,22,0,
236,nanoparticl,22,1,1
237,dope,22,0,
238,characterist,22,0,
239,vitro,22,0,
240,fourier,22,1,
241,mix,22,0,
242,reveal,22,0,
243,util,22,0,
244,sodium,21,0,1
245,subsequ,21,0,
246,type,21,0,
247,research,21,0,
248,experiment,21,0,
249,collect,21,0,
250,find,21,0,
251,li,21,0,
252,import,21,0,
253,suitabl,21,0,
254,similar,21,0,
255,fe,21,0,1
256,simul,20,0,
257,lithium,20,0,1
258,commerci,20,0,
259,particl,20,0,1
260,introduc,20,0,
261,collagen,20,0,1
262,pore,20,0,
263,polyethylen,20,1,
264,natur,20,0,
265,evapor,20,0,
266,highest,20,0,
267,growth,20,0,
268,nhap,20,0,1
269,ps,20,0,1
270,ceram,20,0,1
271,uniform,19,0,
272,matrix,19,0,
273,significantli,19,0,
274,microstructur,19,0,
275,dress,19,0,
276,polyacrylonitril,19,0,1
277,excel,19,0,
278,stabl,19,0,
279,lower,19,0,
280,protein,19,0,1
281,platelet,19,0,
282,molecul,19,0,
283,light,19,0,
284,photocatalyt,19,0,
285,trajectori,19,0,
286,ecm,19,0,
287,hollow,19,0,
288,electrod,18,0,
289,snsb,18,0,
290,energi,18,0,
291,group,18,0,
292,depend,18,0,
293,order,18,0,
294,vari,18,0,
295,nonwoven,18,1,
296,incorpor,18,0,
297,made,18,0,
298,heal,18,0,
299,calcin,18,0,
300,behavior,18,0,
301,si,18,0,
302,sno,18,0,
303,propos,17,0,
304,physic,17,1,
305,differ,17,0,
306,suggest,17,0,
307,altern,17,0,
308,cultur,17,0,
309,blow,17,0,
310,select,17,0,
311,synthes,17,0,
312,amount,17,0,
313,peo,17,0,1
314,homogen,17,0,
315,starch,17,0,1
316,molecular,17,0,
317,bioactiv,17,0,
318,silica,17,0,
319,amorph,17,1,
320,electr,17,0,
321,liquid,17,0,
322,deliveri,16,0,
323,day,16,0,
324,antibacteri,16,0,
325,dispers,16,0,
326,charg,16,0,
327,weight,16,0,
328,extract,16,0,
329,spinnabl,16,1,
330,rapid,16,0,
331,pure,16,0,
332,support,16,0,
333,attract,16,0,
334,draw,16,0,
335,web,16,1,
336,mm,15,0,
337,great,15,0,
338,beta,15,0,
339,regener,15,0,
340,inhibit,15,0,
341,hybrid,15,0,
342,graphen,15,0,1
343,ad,15,0,
344,advantag,15,0,
345,dimension,15,0,
346,attent,15,0,
347,modifi,15,0,
348,candid,15,0,
349,al,15,0,
350,mah,15,0,
351,publish,15,0,
352,tradit,15,0,
353,shown,15,0,
354,comparison,15,0,
355,case,15,0,
356,numer,15,0,
357,oil,15,0,
358,newtonian,15,0,
359,qualiti,14,0,
360,metal,14,0,
361,discuss,14,0,
362,lead,14,0,
363,analys,14,0,
364,period,14,0,
365,shape,14,0,
366,smooth,14,0,
367,varieti,14,0,
368,dsc,14,0,
369,deliv,14,0,
370,electrostat,14,0,
371,viabil,14,0,1
372,employ,14,0,
373,interact,14,0,
374,contact,14,0,
375,ultrafin,14,0,
376,featur,14,0,
377,biolog,14,0,
378,long,14,0,
379,uniqu,14,0,
380,phb,14,0,1
381,devic,14,0,
382,establish,14,0,
383,alpha,14,0,
384,remov,14,0,
385,synthesi,14,0,
386,capabl,14,0,
387,pmma,14,0,1
388,explor,13,0,
389,transit,13,0,
390,angl,13,0,
391,prove,13,0,
392,review,13,0,
393,vivo,13,0,
394,critic,13,0,
395,interest,13,0,
396,respons,13,0,
397,strong,13,0,
398,superior,13,0,
399,optimum,13,0,
400,signific,13,0,
401,densiti,13,0,
402,ti,13,0,1
403,mixtur,13,0,
404,ma,13,0,
405,chain,13,0,
406,tension,13,0,
407,larger,13,0,
408,filter,13,0,
409,cm,13,0,
410,fs,13,0,1
411,resist,13,0,
412,optic,13,0,
413,enabl,13,0,
414,isol,13,0,1
415,examin,13,0,
416,viscou,13,0,
417,pp,13,0,1
418,equat,13,0,
419,nylon,13,0,1
420,fb,13,0,1
421,curv,12,0,
422,cf,12,0,1
423,mesopor,12,0,
424,storag,12,0,
425,repair,12,0,
426,polycaprolacton,12,0,1
427,remain,12,0,
428,presenc,12,0,
429,thermogravimetr,12,1,
430,agent,12,0,
431,bacteri,12,0,
432,subject,12,0,
433,reaction,12,0,
434,glycol,12,0,1
435,insul,12,0,
436,compos,12,0,
437,consist,12,0,
438,integr,12,0,
439,tensil,12,0,
440,mpa,12,0,
441,ultra,12,0,
442,synthet,12,0,
443,instabl,12,0,
444,caprolacton,12,0,1
445,emerg,12,0,
446,practic,12,0,
447,forcespin,12,0,
448,organ,12,0,
449,uv,12,0,
450,ga,12,0,1
451,sci,12,0,1
452,pcm,12,0,1
453,tin,12,0,1
454,adhes,12,0,
455,acceler,11,0,
456,challeng,11,0,
457,defect,11,0,
458,pva,11,0,1
459,bacteria,11,0,
460,state,11,0,
461,tga,11,1,
462,possess,11,0,
463,main,11,0,
464,greater,11,0,
465,polyurethan,11,0,1
466,biodegrad,11,1,
467,ethanol,11,0,1
468,rapidli,11,0,
469,owe,11,0,
470,articl,11,0,
471,amylopectin,11,0,1
472,facil,11,0,
473,pdlla,11,0,1
474,favor,11,0,
475,construct,11,0,
476,regen,11,0,
477,electrospun,11,0,
478,equip,11,0,
479,constant,11,0,
480,substrat,11,0,
481,zno,11,0,1
482,visibl,11,0,
483,cytotox,11,0,1
484,like,11,0,
485,wiley,11,0,1
486,treat,11,0,
487,cmf,11,0,
488,alumina,11,0,1
489,cl,11,0,1
490,overcom,10,0,
491,creat,10,0,
492,diffus,10,0,
493,direct,10,0,
494,advanc,10,0,
495,complex,10,0,
496,industri,10,0,
497,polyvinyl,10,0,1
498,alcohol,10,0,1
499,reach,10,0,
500,dri,10,0,
501,wet,10,0,
502,extrud,10,0,
503,faster,10,0,
504,oper,10,0,
505,smart,10,0,
506,strategi,10,0,
507,verifi,10,0,
508,lactic,10,0,1
509,carri,10,0,
510,maintain,10,0,
511,estrogen,10,0,
512,skin,10,0,
513,vinyl,10,0,1
514,thick,10,0,
515,posit,10,0,
516,ftir,10,0,
517,profil,10,0,
518,convent,10,0,
519,assembl,10,0,
520,induc,10,0,
521,procedur,10,0,
522,make,10,0,
523,respect,10,0,
524,ft,10,0,
525,percent,10,0,
526,ec,10,0,
527,cocam,10,0,
528,dissolut,10,0,
529,grain,10,0,
530,aim,9,0,
531,phosphat,9,0,1
532,silver,9,0,1
533,humid,9,0,
534,extens,9,0,
535,polyvinylpyrrolidon,9,0,1
536,microscop,9,0,
537,adsorb,9,0,
538,mg,9,0,
539,discharg,9,0,
540,revers,9,0,
541,fibroblast,9,0,1
542,key,9,0,
543,safe,9,0,
544,cmc,9,0,
545,binder,9,0,
546,crystal,9,0,
547,sustain,9,0,
548,cotton,9,0,1
549,indic,9,0,
550,hydrophob,9,0,
551,orific,9,0,
552,ha,9,0,
553,pa,9,0,
554,regim,9,0,
555,angular,9,0,
556,final,9,0,
557,microfibr,9,0,
558,soy,9,0,1
559,term,9,0,
560,imag,9,0,
561,media,9,0,
562,titanium,9,0,1
563,xp,9,0,
564,vi,9,0,
565,nitrid,9,0,
566,polystyren,9,0,1
567,agnp,9,0,1
568,appl,9,0,
569,solv,9,0,
570,bulk,9,0,
571,ir,9,0,
572,bc,9,0,
573,sn,9,0,
574,droplet,9,0,
575,muscl,9,0,
576,hot,9,0,
577,versatil,8,0,
578,safeti,8,0,
579,futur,8,0,
580,infiltr,8,0,
581,metabol,8,0,
582,mean,8,0,
583,rheolog,8,0,
584,ethylen,8,0,1
585,core,8,0,
586,focu,8,0,
587,rel,8,0,
588,zone,8,0,
589,abil,8,0,
590,nacl,8,0,
591,calorimetri,8,0,
592,dimethylformamid,8,0,1
593,dmf,8,0,1
594,es,8,0,
595,needl,8,0,
596,cross,8,0,
597,link,8,0,
598,point,8,0,
599,aureu,8,0,
600,data,8,0,
601,loss,8,0,
602,feasibl,8,0,
603,sucros,8,0,
604,pyrrolidon,8,0,1
605,human,8,0,
606,dichloromethan,8,0,1
607,rough,8,0,
608,osteogen,8,0,1
609,rich,8,0,
610,linear,8,0,
611,hap,8,0,
612,throughput,8,1,
613,environ,8,0,
614,epsilon,8,0,
615,extracellular,8,0,
616,compon,8,0,
617,detail,8,0,
618,axi,8,0,
619,singl,8,0,
620,offer,8,0,
621,smaller,8,0,
622,ph,8,0,
623,matric,8,0,
624,atom,8,0,
625,irradi,8,0,
626,predict,8,0,
627,candi,8,0,
628,scalabl,8,0,
629,seri,8,0,
630,simultan,8,0,
631,impact,8,0,
632,setup,8,0,
633,delta,8,0,
634,manipul,8,0,
635,inorgan,8,0,1
636,steam,8,0,1
637,solubl,8,0,
638,atmospher,8,0,
639,anisotropi,8,0,
640,mgo,8,0,1
641,heart,8,0,
642,valv,8,0,
643,cnf,8,0,1
644,mixer,8,0,
645,curvatur,7,0,
646,electrolyt,7,0,
647,principl,7,0,
648,tcp,7,0,1
649,percentag,7,0,
650,complet,7,0,
651,nanoscal,7,0,
652,chlorid,7,0,1
653,valu,7,0,
654,crucial,7,0,
655,describ,7,0,
656,freez,7,0,
657,desir,7,0,
658,sb,7,0,1
659,led,7,0,
660,dynam,7,0,
661,stimul,7,0,
662,kv,7,0,
663,involv,7,0,
664,ideal,7,0,
665,reduct,7,0,
666,nitrogen,7,0,1
667,deriv,7,0,
668,sourc,7,0,
669,hydrophil,7,0,
670,woven,7,0,
671,polylact,7,0,1
672,assay,7,0,
673,taylor,7,0,
674,pi,7,0,
675,cast,7,0,
676,mesh,7,0,
677,polar,7,0,
678,fast,7,0,
679,open,7,0,
680,osteoblast,7,0,1
681,guid,7,0,
682,stem,7,0,
683,platform,7,0,
684,essenti,7,0,
685,element,7,0,
686,level,7,0,
687,er,7,0,
688,recapitul,7,0,
689,adjust,7,0,
690,typic,7,0,
691,assess,7,0,
692,object,7,0,
693,maximum,7,0,
694,stretch,7,0,
695,glass,7,0,1
696,tg,7,0,
697,thi,7,0,
698,reinforc,7,0,
699,strain,7,0,
700,anatas,7,0,
701,relat,7,0,
702,catalyst,7,0,
703,templat,7,0,
704,strongli,7,0,
705,role,7,0,
706,electro,7,0,
707,interlay,7,0,
708,pcmf,7,0,1
709,salt,7,0,1
710,polypropylen,7,0,1
711,threadlin,7,0,
712,raw,7,0,
713,gyrat,7,0,
714,modulu,7,0,
715,hydrogen,7,0,
716,bond,7,0,
717,gram,7,0,
718,paa,7,0,1
719,biocl,7,0,
720,situ,7,0,
721,vapor,7,0,
722,retent,7,0,
723,mwcnt,7,0,1
724,submicron,7,1,
725,network,7,0,
726,na,7,0,
727,methacryl,7,0,1
728,poss,7,0,
729,monom,7,0,
730,compound,7,0,
731,cnt,7,0,1
732,nss,7,0,1
733,ap,7,0,
734,yag,7,0,
735,tube,6,0,
736,nanocomposit,6,0,1
737,facilit,6,0,
738,year,6,0,
739,independ,6,0,
740,ag,6,0,
741,coli,6,0,
742,interconnect,6,0,
743,uptak,6,0,
744,tunabl,6,0,
745,sensor,6,0,
746,nanotub,6,0,
747,emuls,6,0,
748,crosslink,6,0,
749,kinet,6,0,
750,power,6,0,
751,break,6,0,
752,ml,6,0,
753,pristin,6,0,
754,stress,6,0,
755,acet,6,0,1
756,aid,6,0,
757,benefit,6,0,
758,pu,6,0,1
759,conclud,6,0,
760,red,6,0,
761,steadi,6,0,
762,amylos,6,0,1
763,nanomet,6,0,
764,pc,6,0,1
765,output,6,0,
766,smallest,6,0,
767,tendon,6,0,
768,hierarch,6,0,
769,ii,6,0,
770,nanostructur,6,0,
771,previou,6,0,
772,sever,6,0,
773,end,6,0,
774,nativ,6,0,
775,architectur,6,0,
776,motion,6,0,
777,line,6,0,
778,common,6,0,
779,focus,6,0,
780,author,6,0,
781,desorpt,6,0,
782,antimicrobi,6,0,
783,medium,6,0,
784,absorpt,6,0,
785,inerti,6,0,
786,transmiss,6,0,
787,tem,6,0,
788,dye,6,0,
789,occur,6,0,
790,play,6,0,
791,innov,6,0,
792,dissolv,6,0,
793,conclus,6,0,
794,assist,6,0,
795,build,6,0,
796,soft,6,0,
797,biopolym,6,0,
798,spectra,6,0,
799,coupl,6,0,
800,iron,6,0,
801,photoelectron,6,0,
802,silicon,6,0,
803,outer,6,0,
804,path,6,0,
805,solid,6,0,
806,systemat,6,0,
807,serv,6,0,
808,surfact,6,0,
809,preliminari,6,0,
810,cvd,6,0,1
811,plla,6,0,1
812,disk,6,0,
813,actuat,6,0,
814,terephthal,6,0,1
815,multi,6,0,
816,expect,6,0,
817,plate,6,0,
818,tailor,6,0,
819,rb,6,0,
820,methyl,6,0,1
821,nerv,6,0,
822,anisotrop,6,0,
823,proper,5,0,
824,theoret,5,0,
825,sib,5,0,
826,alloy,5,0,
827,volatil,5,0,
828,sheet,5,0,
829,veil,5,0,
830,pda,5,0,1
831,approxim,5,0,
832,np,5,0,
833,embed,5,0,
834,thinner,5,0,
835,elong,5,0,
836,fraction,5,0,
837,staphylococcu,5,0,
838,step,5,0,
839,residu,5,0,
840,prevent,5,0,
841,zirconium,5,0,
842,zrc,5,0,
843,resin,5,0,
844,wettabl,5,0,
845,reservoir,5,0,
846,alkalin,5,0,
847,phosphatas,5,0,1
848,rayleigh,5,0,
849,express,5,0,
850,tm,5,0,
851,nanomateri,5,0,
852,vertic,5,0,
853,display,5,0,
854,short,5,0,
855,shell,5,0,
856,randomli,5,0,
857,iii,5,0,
858,stage,5,0,
859,attach,5,0,
860,correl,5,0,
861,bodi,5,0,
862,medicin,5,0,
863,slow,5,0,
864,biomimet,5,0,
865,immers,5,0,
866,directli,5,0,
867,melanocyt,5,0,1
868,site,5,0,
869,caus,5,0,
870,access,5,0,
871,anim,5,0,
872,absenc,5,0,
873,health,5,0,
874,rutil,5,0,
875,lattic,5,0,
876,bet,5,0,
877,gap,5,0,
878,string,5,0,
879,reynold,5,0,
880,estim,5,0,
881,suffici,5,0,
882,transport,5,0,
883,topographi,5,0,
884,hmp,5,0,1
885,matur,5,0,
886,contribut,5,0,
887,modif,5,0,
888,inform,5,0,
889,popular,5,0,
890,shear,5,0,
891,friendli,5,0,
892,sic,5,0,1
893,pvam,5,0,1
894,tune,5,0,
895,anti,5,0,
896,microbi,5,0,
897,extend,5,0,
898,wall,5,0,
899,center,5,0,
900,dot,5,0,
901,demand,5,0,
902,close,5,0,
903,graft,5,0,
904,juic,5,0,
905,teo,5,0,
906,receiv,5,0,
907,adher,5,0,
908,recycl,5,0,
909,reactiv,5,0,
910,part,5,0,
911,total,5,0,
912,textur,5,0,
913,plastic,5,0,
914,biomateri,5,0,
915,food,5,0,
916,msc,5,0,
917,prm,5,0,
918,set,5,0,
919,aspect,5,0,
920,drawn,5,0,
921,regul,5,0,
922,emiss,5,0,
923,basic,5,0,
924,rpet,5,0,
925,discret,5,0,
926,film,5,0,
927,arc,5,0,
928,class,5,0,
929,rh,5,0,
930,wool,5,0,
931,purif,5,0,
932,ta,5,0,
933,hand,5,0,
934,ito,5,0,
935,micropor,5,0,
936,dena,5,0,
937,rsf,5,0,
938,pcnf,5,0,1
939,copper,5,0,
940,acetonitril,5,0,1
941,flaki,5,0,
942,outlet,4,0,
943,orthogon,4,0,
944,lib,4,0,
945,major,4,0,
946,concern,4,0,
947,elimin,4,0,
948,transfer,4,0,
949,aerosol,4,0,
950,greatli,4,0,
951,perspect,4,0,
952,variat,4,0,
953,grow,4,0,
954,methodolog,4,0,
955,softwar,4,1,
956,empir,4,0,
957,care,4,0,
958,raman,4,0,
959,proven,4,0,
960,dehydr,4,0,
961,inspir,4,0,
962,green,4,0,
963,migrat,4,0,
964,readili,4,0,
965,act,4,0,
966,prospect,4,0,
967,expos,4,0,
968,start,4,0,
969,prolong,4,0,
970,mahg,4,0,
971,mag,4,0,
972,concept,4,0,
973,behaviour,4,0,
974,mathemat,4,0,
975,retain,4,0,
976,pathway,4,0,
977,pyrolysi,4,0,
978,col,4,0,
979,el,4,0,
980,hour,4,0,
981,cosolv,4,0,
982,tend,4,0,
983,quantiti,4,0,
984,exist,4,0,
985,entangl,4,0,
986,plga,4,0,1
987,lowest,4,0,
988,aceton,4,0,
989,coeffici,4,0,
990,outstand,4,0,
991,implement,4,0,
992,balanc,4,0,
993,dual,4,0,
994,mesenchym,4,0,
995,elast,4,0,
996,comput,4,0,
997,consider,4,0,
998,age,4,0,
999,pre,4,0,
1000,dermal,4,0,
1001,law,4,0,
1002,proport,4,0,
1003,therapi,4,0,
1004,detect,4,0,
1005,divers,4,0,
1006,cc,4,0,
1007,nc,4,0,
1008,recoveri,4,0,
1009,gallium,4,0,
1010,equilibrium,4,0,
1011,calorimet,4,0,
1012,slightli,4,0,
1013,address,4,0,
1014,carrier,4,0,
1015,dta,4,0,
1016,reflect,4,0,
1017,band,4,0,
1018,longer,4,0,
1019,color,4,0,
1020,compris,4,0,
1021,visual,4,0,
1022,dose,4,0,
1023,fix,4,0,
1024,colon,4,0,
1025,special,4,0,
1026,electrophoret,4,0,
1027,swell,4,1,
1028,nfm,4,0,1
1029,fo,4,0,
1030,hard,4,0,
1031,print,4,0,
1032,block,4,0,
1033,channel,4,0,
1034,standard,4,0,
1035,rout,4,0,
1036,sensit,4,0,
1037,moistur,4,1,
1038,poorli,4,0,
1039,cellular,4,0,
1040,psan,4,0,1
1041,array,4,0,
1042,transpar,4,0,
1043,polyimid,4,0,1
1044,gpa,4,0,1
1045,silic,4,0,
1046,illustr,4,0,
1047,thf,4,0,1
1048,cellulos,4,0,1
1049,purpos,4,0,
1050,easi,4,0,
1051,dehpa,4,0,1
1052,possibl,4,0,
1053,environment,4,0,
1054,keratin,4,0,1
1055,apeg,4,0,
1056,submicromet,4,1,
1057,orang,4,0,
1058,neg,4,0,
1059,amen,4,0,
1060,brittl,4,0,
1061,copyright,4,0,
1062,bend,4,0,
1063,whip,4,0,
1064,spiral,4,0,
1065,cyclic,4,0,
1066,hinder,4,0,
1067,repeat,4,0,
1068,coulomb,4,0,
1069,superhydrophob,4,1,
1070,meat,4,0,
1071,transplant,4,0,
1072,calcium,4,0,1
1073,deform,4,0,
1074,solidifi,4,1,
1075,societi,4,0,
1076,tannin,4,0,1
1077,robust,4,0,
1078,replac,4,0,
1079,rgo,4,0,1
1080,lignin,4,0,1
1081,knowledg,4,0,
1082,preheat,4,1,
1083,attempt,4,0,
1084,fn,4,0,
1085,bundl,4,0,
1086,micromet,4,1,
1087,machin,4,0,
1088,chloroform,4,0,1
1089,gamma,4,0,
1090,sph,4,0,1
1091,mimic,4,0,
1092,melamin,4,0,1
1093,perfor,4,0,
1094,fact,4,0,
1095,regular,4,0,
1096,dimensionless,4,0,
1097,inviscid,4,1,
1098,intens,4,0,
1099,phbv,4,0,1
1100,reli,4,0,
1101,recrystal,4,1,
1102,lyophilis,4,0,1
1103,avoid,4,0,
1104,individu,4,0,
1105,thiol,4,0,1
1106,ene,4,0,1
1107,photopolymer,4,1,
1108,coaxial,4,0,
1109,bio,4,1,
1110,substitut,4,0,
1111,ni,4,0,
1112,ch,4,0,
1113,zirconia,4,0,1
1114,vacuum,4,1,
1115,hydrogel,4,1,
1116,gradient,4,1,
1117,ring,4,0,
1118,nf,3,0,
1119,hazard,3,0,
1120,pcf,3,0,1
1121,rat,3,0,
1122,histomorphometr,3,1,
1123,modul,3,0,
1124,expert,3,0,
1125,explain,3,0,
1126,variabl,3,0,
1127,fit,3,0,
1128,escherichia,3,0,
1129,cereu,3,0,
1130,chemistri,3,0,
1131,mold,3,0,
1132,past,3,0,
1133,fundament,3,0,
1134,filler,3,0,1
1135,pao,3,0,
1136,pseudo,3,1,
1137,random,3,1,
1138,clear,3,0,
1139,cylindr,3,0,
1140,latent,3,0,
1141,peak,3,0,
1142,anneal,3,1,
1143,suffer,3,0,
1144,origin,3,0,
1145,voltammetri,3,0,
1146,implant,3,0,
1147,endotheli,3,0,
1148,identifi,3,0,
1149,intermolecular,3,0,
1150,invers,3,0,
1151,chamber,3,0,
1152,consid,3,0,
1153,eject,3,0,
1154,clove,3,0,
1155,hous,3,0,
1156,built,3,0,
1157,stain,3,0,
1158,evolut,3,0,
1159,compress,3,0,
1160,hydroxyapatit,3,0,1
1161,magnitud,3,0,
1162,piezoelectr,3,0,
1163,kpa,3,0,1
1164,hydroxybutyr,3,0,1
1165,injuri,3,0,
1166,scar,3,0,
1167,we,3,0,
1168,insid,3,0,
1169,confoc,3,0,
1170,adipos,3,0,
1171,consequ,3,0,
1172,copolym,3,0,1
1173,parametr,3,0,
1174,finit,3,0,
1175,formul,3,0,
1176,kind,3,0,
1177,gain,3,0,
1178,elev,3,0,
1179,bind,3,0,
1180,phytoestrogen,3,0,1
1181,mous,3,0,
1182,relationship,3,1,
1183,shift,3,0,
1184,repres,3,0,
1185,spectrum,3,0,
1186,fold,3,0,
1187,ac,3,0,
1188,predominantli,3,0,
1189,defin,3,0,
1190,cyanex,3,0,1
1191,isotherm,3,1,
1192,endotherm,3,1,
1193,reus,3,0,
1194,divid,3,0,
1195,tibia,3,0,
1196,flexur,3,0,
1197,cytocompat,3,0,
1198,gravimetr,3,0,
1199,problem,3,0,
1200,impregn,3,0,
1201,thyme,3,0,
1202,spray,3,0,
1203,action,3,0,
1204,zinc,3,0,
1205,extent,3,0,
1206,acetylaceton,3,0,1
1207,region,3,0,
1208,drag,3,0,
1209,symmetri,3,0,
1210,exit,3,0,
1211,gravit,3,0,
1212,aerodynam,3,1,
1213,rossbi,3,1,
1214,weber,3,1,
1215,peclet,3,1,
1216,wrap,3,0,
1217,tighter,3,0,
1218,breakup,3,1,
1219,photocatalyst,3,0,
1220,cn,3,0,1
1221,attribut,3,0,
1222,semi,3,0,
1223,burst,3,0,
1224,biofilm,3,1,
1225,seawat,3,1,
1226,abund,3,0,
1227,bicompon,3,0,1
1228,mf,3,0,
1229,difficulti,3,0,
1230,aluminum,3,0,
1231,choic,3,0,
1232,sulfur,3,0,
1233,cathod,3,0,
1234,particul,3,0,
1235,physicochem,3,0,
1236,understand,3,0,
1237,mdce,3,0,
1238,deviat,3,0,
1239,introduct,3,0,
1240,background,3,0,
1241,vector,3,0,
1242,lay,3,0,
1243,difficult,3,0,
1244,minf,3,0,
1245,bath,3,0,
1246,elut,3,0,
1247,associ,3,0,
1248,characteris,3,0,
1249,screen,3,0,
1250,lack,3,0,
1251,camera,3,0,
1252,ge,3,0,
1253,ed,3,0,
1254,dip,3,0,
1255,sorption,3,0,
1256,live,3,0,
1257,drive,3,0,
1258,poor,3,0,
1259,multiwal,3,0,
1260,pattern,3,0,
1261,akp,3,0,
1262,silk,3,0,1
1263,multilevel,3,0,
1264,hierarchi,3,1,
1265,distinct,3,0,
1266,captur,3,0,
1267,drop,3,0,
1268,inher,3,0,
1269,movement,3,0,
1270,maxim,3,0,
1271,recov,3,0,
1272,strip,3,0,
1273,feather,3,0,
1274,allyloxi,3,0,1
1275,fk,3,0,
1276,ppm,3,0,
1277,gauz,3,0,
1278,pad,3,0,
1279,texa,3,0,
1280,sour,3,0,
1281,asymptot,3,0,
1282,theori,3,0,
1283,realiz,3,0,
1284,american,3,0,
1285,usag,3,0,
1286,scientif,3,0,
1287,hmsc,3,0,1
1288,osteoinduct,3,0,
1289,oxygen,3,0,
1290,nanosheet,3,1,
1291,speci,3,0,
1292,merit,3,0,
1293,progress,3,0,
1294,miner,3,0,
1295,orthoped,3,0,
1296,graphic,3,0,
1297,help,3,0,
1298,eas,3,0,
1299,criteria,3,0,
1300,rabbit,3,0,
1301,biochem,3,0,
1302,aggreg,3,0,
1303,brain,3,0,
1304,bioavail,3,0,
1305,ab,3,0,
1306,phenotyp,3,0,
1307,seed,3,0,
1308,chromium,3,0,
1309,bridg,3,0,
1310,pdm,3,0,
1311,dielectr,3,0,
1312,intrins,3,0,
1313,tip,3,0,
1314,thermoplast,3,1,1
1315,chosen,3,0,
1316,commonli,3,0,
1317,conform,3,0,
1318,phenomenon,3,0,
1319,microenviron,3,0,
1320,fashion,3,0,
1321,scientist,3,0,
1322,decomposit,3,0,
1323,blast,3,0,
1324,os,3,0,
1325,encapsul,3,0,
1326,seal,3,0,
1327,undergo,3,0,
1328,boundari,3,0,
1329,geometri,3,0,
1330,protect,3,0,
1331,capacit,3,0,
1332,boger,3,0,
1333,connect,3,0,
1334,aris,3,0,
1335,probe,3,0,
1336,eventu,3,0,
1337,moduli,3,0,
1338,resourc,3,0,
1339,minim,3,0,
1340,itz,3,0,
1341,piroxicam,3,0,
1342,mica,3,0,
1343,binari,3,0,
1344,exploit,3,0,
1345,answer,3,0,
1346,purifi,3,0,
1347,needleless,3,0,
1348,dioxid,3,0,
1349,citrat,3,0,
1350,inject,3,0,
1351,slurri,3,0,
1352,unit,3,0,
1353,head,3,0,
1354,sink,3,0,
1355,substanti,3,0,
1356,durat,3,0,
1357,whisker,3,0,
1358,competit,3,0,
1359,cue,3,0,
1360,prebiot,3,0,
1361,io,3,0,
1362,partial,3,0,
1363,cure,3,0,
1364,ionic,3,0,
1365,interfaci,3,0,
1366,room,3,0,
1367,add,3,0,
1368,ultrason,3,0,
1369,agreement,3,0,
1370,doubl,3,0,
1371,probiot,3,0,
1372,laboratori,3,0,
1373,edlc,3,0,
1374,polycrystallin,3,1,
1375,biox,3,0,
1376,sinter,3,0,
1377,uniaxi,3,0,
1378,mwnt,3,0,
1379,semiautom,3,0,
1380,permit,3,0,
1381,pectin,3,0,1
1382,degreesc,3,0,
1383,fragment,3,0,
1384,cartridg,3,0,
1385,tlc,3,0,
1386,methanol,3,0,1
1387,pin,3,0,1
1388,cu,3,0,
1389,quench,3,0,
1390,central,2,0,
1391,uniformli,2,0,
1392,wistar,2,0,
1393,immunohistochemistri,2,0,
1394,inflammatori,2,0,
1395,angiogenesi,2,0,
1396,fibroplasia,2,0,
1397,imped,2,0,
1398,ultim,2,0,
1399,multilay,2,0,
1400,expand,2,0,
1401,ordinari,2,0,
1402,paid,2,0,
1403,capacitor,2,0,
1404,nanogener,2,0,
1405,blown,2,0,
1406,uranium,2,0,
1407,chelat,2,0,
1408,langmuir,2,0,
1409,graphit,2,0,
1410,ce,2,0,
1411,absorb,2,0,
1412,axial,2,0,
1413,appear,2,0,
1414,wxrd,2,0,
1415,inocul,2,0,
1416,carbid,2,0,
1417,convert,2,0,
1418,tubular,2,0,
1419,blood,2,0,
1420,elastin,2,0,
1421,grade,2,0,
1422,commun,2,0,
1423,narrow,2,0,
1424,bottom,2,0,
1425,user,2,0,
1426,apatit,2,0,
1427,compat,2,0,
1428,alizarin,2,0,
1429,extraordinari,2,0,
1430,extern,2,0,
1431,vinyliden,2,0,1
1432,fluorid,2,0,
1433,pvdf,2,0,1
1434,png,2,0,
1435,date,2,0,
1436,circuit,2,0,
1437,durabl,2,0,
1438,mimick,2,0,
1439,remodel,2,0,
1440,tenogen,2,0,
1441,supplement,2,0,
1442,gdf,2,0,
1443,penetr,2,0,
1444,pharmaceut,2,0,
1445,homopolym,2,1,
1446,assign,2,0,
1447,dimens,2,0,
1448,compact,2,0,
1449,emphas,2,0,
1450,microfluid,2,0,
1451,highlight,2,0,
1452,diseas,2,0,
1453,sens,2,0,
1454,trigger,2,0,
1455,therapeut,2,0,
1456,safer,2,0,
1457,local,2,0,
1458,spi,2,0,
1459,hyaluron,2,0,
1460,outcom,2,0,
1461,corioli,2,0,
1462,disord,2,0,
1463,restor,2,0,
1464,normal,2,0,
1465,plasma,2,1,
1466,prp,2,0,1
1467,cheap,2,0,
1468,cytokin,2,0,
1469,topic,2,0,
1470,nanospid,2,1,
1471,licens,2,0,
1472,thermodynam,2,1,
1473,spontan,2,0,
1474,favour,2,0,
1475,nanohydroxyapatit,2,0,1
1476,give,2,0,
1477,rise,2,0,
1478,soak,2,0,
1479,fill,2,0,
1480,radiograph,2,0,
1481,histolog,2,0,
1482,statist,2,1,
1483,mode,2,0,
1484,neoform,2,0,
1485,resili,2,0,
1486,pellet,2,0,
1487,insuffici,2,0,
1488,bioaerosol,2,0,
1489,microparticl,2,0,
1490,cover,2,0,
1491,bi,2,0,
1492,motiv,2,0,
1493,froud,2,0,
1494,radial,2,0,
1495,correct,2,0,
1496,render,2,0,
1497,photo,2,0,
1498,spectrophotomet,2,0,
1499,ev,2,0,
1500,rhb,2,0,1
1501,black,2,0,
1502,exposur,2,0,
1503,clinic,2,0,
1504,versu,2,0,
1505,mammalian,2,0,
1506,impress,2,0,
1507,antibiot,2,0,
1508,epd,2,0,
1509,neat,2,0,
1510,desalin,2,0,
1511,reliabl,2,0,
1512,clean,2,0,
1513,extrus,2,0,
1514,forward,2,0,
1515,distil,2,0,
1516,recognit,2,0,
1517,shuttl,2,0,
1518,place,2,0,
1519,leach,2,0,
1520,lithographi,2,0,
1521,search,2,0,
1522,multipl,2,0,
1523,eco,2,0,
1524,drawback,2,0,
1525,finer,2,0,
1526,nonlinear,2,0,
1527,excircl,2,0,
1528,streamlin,2,0,
1529,slowli,2,0,
1530,visoelast,2,1,
1531,foundat,2,0,
1532,afford,2,0,
1533,amin,2,0,
1534,rjw,2,0,
1535,mip,2,0,
1536,allow,2,0,
1537,mimet,2,0,
1538,identif,2,0,
1539,closur,2,0,
1540,acrylonitril,2,0,1
1541,afm,2,0,
1542,heterogen,2,1,
1543,hpb,2,0,1
1544,comprehens,2,0,
1545,monitor,2,0,
1546,leav,2,0,
1547,bpo,2,0,1
1548,convers,2,0,
1549,lamin,2,0,
1550,rule,2,0,
1551,back,2,0,
1552,kevlar,2,0,1
1553,equal,2,0,
1554,biomedicin,2,0,
1555,cpf,2,0,
1556,obviou,2,0,
1557,ethyl,2,0,1
1558,kh,2,0,
1559,ultraviolet,2,0,
1560,aminosilan,2,0,1
1561,suspens,2,0,
1562,recharg,2,0,
1563,argon,2,0,
1564,ternari,2,0,
1565,valid,2,0,
1566,insight,2,0,
1567,cleanup,2,0,
1568,spread,2,0,
1569,increasingli,2,0,
1570,spill,2,0,
1571,tetrahydrofuran,2,0,1
1572,dead,2,0,
1573,deal,2,0,
1574,blowspin,2,0,
1575,drawspin,2,0,
1576,nitrat,2,0,
1577,micrograph,2,0,
1578,groov,2,0,
1579,call,2,0,
1580,decad,2,0,
1581,di,2,0,
1582,indium,2,0,
1583,phosphor,2,0,
1584,institut,2,0,
1585,sa,2,0,
1586,nmr,2,0,
1587,declin,2,0,
1588,groundwork,2,0,
1589,spatial,2,0,
1590,graviti,2,0,
1591,ductil,2,0,
1592,multifunct,2,0,
1593,unexpect,2,0,
1594,minimum,2,0,
1595,ascorb,2,0,
1596,sacrifici,2,0,
1597,scatter,2,0,
1598,vacanc,2,0,
1599,broaden,2,0,
1600,broadband,2,0,
1601,brilliant,2,0,
1602,photocatalysi,2,0,
1603,reson,2,0,
1604,antimoni,2,0,
1605,coincid,2,0,
1606,person,2,0,
1607,way,2,0,
1608,mtt,2,0,
1609,denatur,2,0,
1610,enzym,2,0,1
1611,analog,2,0,
1612,contractil,2,0,
1613,stroke,2,0,
1614,adult,2,0,
1615,mice,2,0,
1616,lesion,2,0,
1617,integrin,2,0,
1618,ibu,2,0,
1619,ket,2,0,1
1620,trifluoroacet,2,0,1
1621,harvest,2,0,
1622,complic,2,0,
1623,translat,2,0,
1624,slight,2,0,
1625,twist,2,0,
1626,stiff,2,0,
1627,superhydrophil,2,0,
1628,eng,2,0,
1629,entir,2,0,
1630,polyhydroxybutyr,2,0,1
1631,soj,2,0,
1632,opportun,2,0,
1633,dramat,2,0,
1634,tougher,2,0,
1635,tpu,2,0,1
1636,shot,2,0,
1637,index,2,0,
1638,hab,2,0,
1639,fetal,2,0,
1640,implic,2,0,
1641,fibrillar,2,0,
1642,extension,2,0,
1643,full,2,0,
1644,epiderm,2,0,
1645,oral,2,0,
1646,endogen,2,0,
1647,epitheli,2,0,
1648,choos,2,0,
1649,guidanc,2,0,
1650,name,2,0,
1651,disadvantag,2,0,
1652,magnesium,2,0,
1653,catalyt,2,0,
1654,fulli,2,0,
1655,conveni,2,0,
1656,screw,2,0,
1657,shorter,2,0,
1658,arrang,2,0,
1659,microscal,2,1,
1660,viabl,2,0,
1661,travel,2,0,
1662,unstabl,2,0,
1663,hydrodynam,2,0,
1664,perturb,2,0,
1665,interfac,2,0,
1666,newton,2,0,
1667,alter,2,0,
1668,aip,2,0,
1669,cloth,2,0,
1670,catalysi,2,0,
1671,gradual,2,0,
1672,fewer,2,0,
1673,framework,2,0,
1674,spring,2,0,
1675,stream,2,0,
1676,bottl,2,0,
1677,mono,2,0,
1678,myriad,2,0,
1679,contrast,2,0,
1680,interfer,2,0,
1681,broad,2,0,
1682,toxic,2,0,
1683,refer,2,0,
1684,circular,2,0,
1685,autom,2,0,
1686,olanzapin,2,0,1
1687,olz,2,0,1
1688,prx,2,0,
1689,supersatur,2,0,
1690,surprisingli,2,0,
1691,digit,2,0,
1692,monodispers,2,0,
1693,top,2,0,
1694,suppress,2,0,
1695,parallel,2,0,
1696,technic,2,0,
1697,ambient,2,0,
1698,solidif,2,0,
1699,nanofabr,2,0,
1700,front,2,0,
1701,driven,2,0,
1702,note,2,0,
1703,dens,2,0,
1704,pluron,2,0,
1705,keratinocyt,2,0,1
1706,grown,2,0,
1707,pf,2,0,
1708,forcespun,2,0,
1709,bioabsorb,2,0,
1710,nanocryst,2,1,
1711,buffer,2,0,
1712,quickli,2,0,
1713,pollut,2,0,
1714,save,2,0,
1715,leaf,2,0,
1716,easili,2,0,
1717,meet,2,0,
1718,discontinu,2,0,
1719,cubic,2,0,
1720,cylind,2,0,
1721,synergist,2,0,
1722,carbonac,2,0,
1723,utilis,2,0,
1724,perpendicular,2,0,
1725,tangenti,2,0,
1726,pressuris,2,0,
1727,thermogravimetri,2,0,
1728,peripher,2,0,
1729,triterpenoid,2,0,1
1730,triaconten,2,0,
1731,backbon,2,0,
1732,target,2,0,
1733,supramolecular,2,0,
1734,evid,2,0,
1735,consumpt,2,0,
1736,hcl,2,0,
1737,newli,2,0,
1738,fecl,2,0,
1739,elucid,2,0,
1740,corn,2,0,
1741,nio,2,0,
1742,magnet,2,0,
1743,ask,2,0,
1744,myocardi,2,0,
1745,biocatalyst,2,0,
1746,inulin,2,0,
1747,novozym,2,0,
1748,chromatographi,2,0,
1749,oligosaccharid,2,0,1
1750,contour,2,0,
1751,radii,2,0,
1752,qualit,2,0,
1753,propag,2,0,
1754,mn,2,0,
1755,fuse,2,0,
1756,diagram,2,0,
1757,guidelin,2,0,
1758,spp,2,0,
1759,polyolefin,2,0,1
1760,agglomer,2,0,
1761,categori,2,0,
1762,plt,2,0,
1763,intestin,2,0,
1764,gastric,2,0,
1765,bile,2,0,
1766,zro,2,0,
1767,stack,2,0,
1768,domin,2,0,
1769,finger,2,0,
1770,po,2,0,
1771,intermedi,2,0,
1772,take,2,0,
1773,nanocrystallin,2,0,
1774,coo,2,0,
1775,diffractomet,2,0,
1776,aminopropyltriethoxysilan,2,0,1
1777,apt,2,0,
1778,dopant,2,0,
1779,dr,2,0,
1780,molar,2,0,
1781,largest,2,0,
1782,spectral,2,0,
1783,photoact,2,0,
1784,arrow,2,0,
1785,nu,2,0,
1786,cone,2,0,
1787,decalin,2,0,
1788,sonic,2,0,
1789,zrocl,2,0,
1790,cooh,2,0,
1791,pza,2,0,1
1792,mol,2,0,
1793,pat,2,0,
1794,vehicl,2,0,
1795,zoc,2,0,
1796,mole,2,0,
1797,spatul,2,0,
1798,reportedli,2,0,
1799,damag,2,0,
1800,constitu,2,0,
1801,theta,2,0,
1802,hydroxyethyl,2,0,1
1803,asymmetr,2,0,
1804,comonom,2,0,
1805,rice,2,0,
1806,fumonisin,2,0,
1807,lc,2,0,
1808,friction,2,0,
1809,od,2,0,
1810,microhard,2,0,
1811,cof,2,0,
1812,ellipsoid,2,0,
1813,equiaxi,2,0,
1814,inhomogen,2,0,
1815,neoter,1,0,
1816,inlet,1,0,
1817,conic,1,0,
1818,pipe,1,0,
1819,rais,1,0,
1820,sulfit,1,0,
1821,emphasi,1,0,
1822,benefici,1,0,
1823,effort,1,0,
1824,calvaria,1,0,
1825,postop,1,0,
1826,western,1,0,
1827,blot,1,0,
1828,tricalcium,1,0,
1829,oscil,1,0,
1830,segment,1,0,
1831,quantif,1,0,
1832,particip,1,0,
1833,inflamm,1,0,
1834,collagenosi,1,0,
1835,pullulan,1,0,
1836,ccrd,1,0,
1837,rsm,1,0,
1838,dmso,1,0,
1839,bacillu,1,0,
1840,workabl,1,0,
1841,dysfunct,1,0,
1842,graphemn,1,0,
1843,thermograph,1,0,
1844,polydopamin,1,0,1
1845,want,1,0,
1846,mussel,1,0,
1847,maillard,1,0,
1848,hdf,1,0,1
1849,gfp,1,0,1
1850,simplifi,1,0,
1851,summari,1,0,
1852,oxim,1,0,
1853,exce,1,0,
1854,uranyl,1,0,1
1855,accommod,1,0,
1856,mabg,1,0,
1857,carboxymethyl,1,0,1
1858,basi,1,0,
1859,monomod,1,0,
1860,paracrystallin,1,1,
1861,log,1,0,
1862,cfg,1,0,
1863,vinylpyrrolidon,1,0,1
1864,galvanostat,1,0,
1865,carbotherm,1,0,
1866,vascular,1,0,
1867,vessel,1,0,
1868,cardiovascular,1,0,
1869,umbil,1,0,
1870,vein,1,0,
1871,neomycin,1,0,
1872,mobil,1,0,
1873,onset,1,0,
1874,insignific,1,0,
1875,engross,1,0,
1876,global,1,0,
1877,salient,1,0,
1878,hydroxi,1,0,
1879,edx,1,0,
1880,fitr,1,0,
1881,haemocompat,1,0,
1882,haemolysi,1,0,
1883,hyperbranch,1,1,
1884,till,1,0,
1885,disappear,1,0,
1886,portion,1,0,
1887,cellpren,1,0,
1888,lactid,1,0,1
1889,glycolid,1,0,1
1890,polyisopren,1,0,1
1891,unknown,1,0,
1892,understood,1,0,
1893,eta,1,0,
1894,ultrathin,1,0,
1895,ten,1,0,
1896,pole,1,0,
1897,kon,1,0,
1898,plausibl,1,0,
1899,explan,1,0,
1900,depict,1,0,
1901,disabl,1,0,
1902,life,1,0,
1903,tear,1,0,
1904,intent,1,0,
1905,vitrostudi,1,0,
1906,fspcl,1,0,
1907,espcl,1,0,
1908,preconstruct,1,0,
1909,toler,1,0,
1910,positron,1,0,
1911,annihil,1,0,
1912,lifetim,1,0,
1913,biosens,1,0,
1914,outlin,1,0,
1915,menstrual,1,0,
1916,ovul,1,0,
1917,post,1,0,
1918,menopaus,1,0,
1919,women,1,0,
1920,receptor,1,0,
1921,signal,1,0,
1922,collater,1,0,
1923,preferenti,1,0,
1924,unexplor,1,0,
1925,genistein,1,0,
1926,ovariectom,1,0,
1927,outperform,1,0,
1928,cutan,1,0,
1929,genet,1,0,
1930,polyoxyethylen,1,0,1
1931,quantit,1,0,
1932,vitiligo,1,0,
1933,depigment,1,0,
1934,halt,1,0,
1935,immun,1,0,
1936,option,1,0,
1937,administr,1,0,
1938,butyr,1,0,
1939,rod,1,0,
1940,dc,1,0,
1941,accur,1,0,
1942,cosmet,1,0,
1943,http,1,0,
1944,creativecommon,1,0,
1945,org,1,0,
1946,extractor,1,0,
1947,freundlich,1,0,
1948,satisfactori,1,0,
1949,nontox,1,0,
1950,firstli,1,0,
1951,male,1,0,
1952,clot,1,0,
1953,euthan,1,0,
1954,surgeri,1,0,
1955,left,1,0,
1956,submit,1,0,
1957,biomechan,1,0,
1958,avail,1,0,
1959,posteriorli,1,0,
1960,weaker,1,0,
1961,keep,1,0,
1962,naoh,1,0,
1963,inhal,1,0,
1964,inactiv,1,0,
1965,denot,1,0,
1966,plaqu,1,0,
1967,bacteriaescherichia,1,0,
1968,coliandstaphylococcu,1,0,
1969,combat,1,0,
1970,ofe,1,0,
1971,coliand,1,0,
1972,diisopropoxid,1,0,
1973,impur,1,0,
1974,stronger,1,0,
1975,methylen,1,0,
1976,blue,1,0,
1977,curvilinear,1,0,
1978,coordin,1,0,
1979,move,1,0,
1980,land,1,0,
1981,assumpt,1,0,
1982,trivial,1,0,
1983,rhodamin,1,0,
1984,dosimet,1,0,
1985,phenylamino,1,0,1
1986,dipentylamino,1,0,1
1987,methylspiro,1,0,1
1988,xanthen,1,0,
1989,phthalid,1,0,
1990,fluoran,1,0,
1991,leuco,1,0,
1992,methoxystyryl,1,0,1
1993,trichloromethyl,1,0,1
1994,triazin,1,0,1
1995,mbtt,1,0,
1996,photoacid,1,0,
1997,gy,1,0,
1998,apron,1,0,
1999,yellow,1,0,
2000,nutrient,1,0,
2001,regulatori,1,0,
2002,claim,1,0,
2003,use,1,0,
2004,thinfib,1,0,
2005,sphere,1,0,
2006,nanopartid,1,0,
2007,swellabl,1,0,
2008,potabl,1,0,
2009,statu,1,0,
2010,forthcom,1,0,
2011,latest,1,0,
2012,mb,1,0,
2013,fibril,1,0,
2014,osmosi,1,0,
2015,ultrafiltr,1,0,
2016,uf,1,0,
2017,microfiltr,1,0,
2018,nanofiltr,1,0,
2019,overpow,1,0,
2020,relev,1,0,
2021,polytetrafluoroethylen,1,0,1
2022,ptfe,1,0,1
2023,polysulfid,1,0,1
2024,deterior,1,0,
2025,except,1,0,
2026,foam,1,0,
2027,summar,1,0,
2028,newcom,1,0,
2029,document,1,0,
2030,static,1,0,
2031,scopu,1,0,
2032,restrict,1,0,
2033,king,1,0,
2034,saud,1,0,
2035,univers,1,0,
2036,die,1,0,
2037,conjunct,1,0,
2038,roughli,1,0,
2039,thermophys,1,1,
2040,patent,1,0,
2041,squar,1,0,
2042,fourth,1,0,
2043,rung,1,0,
2044,kutta,1,0,
2045,constantli,1,0,
2046,pass,1,0,
2047,talli,1,0,
2048,suit,1,0,
2049,whilst,1,0,
2050,fluffier,1,0,
2051,adopt,1,0,
2052,vinylamin,1,0,1
2053,primari,1,0,
2054,imprint,1,0,
2055,polyelectrolyt,1,0,
2056,coagul,1,0,
2057,bisphenol,1,0,
2058,endocrin,1,0,
2059,disruptor,1,0,
2060,dummi,1,0,
2061,video,1,0,
2062,instrument,1,0,
2063,irj,1,0,
2064,postprocess,1,0,
2065,depth,1,0,
2066,ingress,1,0,
2067,granul,1,0,
2068,neovascular,1,0,
2069,reepitheli,1,0,
2070,altogeth,1,0,
2071,styren,1,0,
2072,wit,1,0,
2073,shini,1,0,
2074,pathogen,1,0,
2075,nanosensor,1,0,
2076,underutil,1,0,
2077,discoveri,1,0,
2078,market,1,0,
2079,biphenyl,1,0,1
2080,tetracarboxyl,1,0,1
2081,dianhydrid,1,0,1
2082,bpda,1,0,1
2083,phenylenediamin,1,0,1
2084,oxydianilin,1,0,1
2085,oda,1,0,
2086,polyam,1,0,
2087,imid,1,0,
2088,epoxi,1,0,
2089,calcul,1,0,
2090,strongest,1,0,
2091,ciprofloxacin,1,0,1
2092,tetrabutoxid,1,0,1
2093,propytrimethoxysilan,1,0,1
2094,ran,1,0,
2095,ogan,1,0,
2096,irrit,1,0,
2097,mill,1,0,
2098,insert,1,0,
2099,iv,1,0,
2100,butoxid,1,0,
2101,carboxyl,1,0,1
2102,atr,1,0,
2103,unchang,1,0,
2104,sorbent,1,0,
2105,urgent,1,0,
2106,frequent,1,0,
2107,occurr,1,0,
2108,accid,1,0,
2109,world,1,0,
2110,superoleophil,1,0,
2111,pump,1,0,
2112,veget,1,0,
2113,dimethylthiazol,1,0,1
2114,yl,1,0,
2115,diphenyltetrazolium,1,0,1
2116,bromid,1,0,
2117,ss,1,0,
2118,hematit,1,0,
2119,nonahydr,1,0,
2120,antarct,1,0,
2121,krill,1,0,
2122,intramolecular,1,0,
2123,annular,1,0,
2124,ether,1,0,
2125,valuabl,1,0,
2126,macrostructur,1,0,
2127,emul,1,0,
2128,interpenetr,1,0,
2129,syncret,1,0,
2130,diversifi,1,0,
2131,undul,1,0,
2132,assum,1,0,
2133,unlik,1,0,
2134,ffi,1,0,
2135,cult,1,0,
2136,bandag,1,0,
2137,sca,1,0,
2138,ff,1,0,
2139,obsolet,1,0,
2140,phone,1,0,
2141,lcd,1,0,
2142,ethylhexyl,1,0,1
2143,hci,1,0,
2144,acyl,1,0,
2145,salmonella,1,0,
2146,sp,1,0,
2147,citru,1,0,
2148,steril,1,0,
2149,tempor,1,0,
2150,slender,1,0,
2151,fall,1,0,
2152,acryl,1,0,
2153,william,1,0,
2154,landel,1,0,
2155,ferri,1,0,
2156,polyvinylepyrrolidon,1,0,1
2157,digim,1,0,
2158,spss,1,0,
2159,biofunction,1,0,
2160,marker,1,0,
2161,induct,1,0,
2162,osteogenesi,1,0,
2163,defici,1,0,
2164,decor,1,0,
2165,byproduct,1,0,
2166,flower,1,0,
2167,reactant,1,0,
2168,junction,1,0,
2169,colorless,1,0,
2170,phenol,1,0,
2171,appar,1,0,
2172,surpass,1,0,
2173,scaveng,1,0,
2174,heterostructur,1,0,
2175,wastewat,1,0,
2176,briefli,1,0,
2177,promin,1,0,
2178,fade,1,0,
2179,importantli,1,0,
2180,extra,1,0,
2181,nodul,1,0,
2182,lamellar,1,0,
2183,prototyp,1,0,
2184,enrich,1,0,
2185,hole,1,0,
2186,exampl,1,0,
2187,hairi,1,0,
2188,reconstruct,1,0,
2189,recogn,1,0,
2190,bioresorb,1,0,
2191,micrometr,1,0,
2192,alamarblu,1,0,
2193,bioprocess,1,0,
2194,volumetr,1,0,
2195,expans,1,0,
2196,cow,1,0,
2197,cook,1,0,
2198,bovin,1,0,
2199,aortic,1,0,
2200,skelet,1,0,
2201,myoblast,1,0,
2202,immunohistochem,1,0,
2203,engraft,1,0,
2204,marrow,1,0,
2205,thermocoagul,1,0,
2206,cortic,1,0,
2207,upregul,1,0,
2208,cxcl,1,0,
2209,injur,1,0,
2210,ibuprofen,1,0,
2211,ketoprofen,1,0,
2212,glutaraldehyd,1,0,
2213,hydroxid,1,0,
2214,cinnamaldeyhd,1,0,
2215,configur,1,0,
2216,cinnamaldehyd,1,0,
2217,count,1,0,
2218,fluctuat,1,0,
2219,noncytotox,1,0,
2220,musculoskelet,1,0,
2221,surgeon,1,0,
2222,autolog,1,0,
2223,patient,1,0,
2224,allograft,1,0,
2225,prone,1,0,
2226,immunolog,1,0,
2227,host,1,0,
2228,reject,1,0,
2229,airbrush,1,0,
2230,microfibrillar,1,0,
2231,gene,1,0,
2232,pseudomona,1,0,
2233,aeruginosa,1,0,
2234,peptid,1,0,
2235,beam,1,0,
2236,notabl,1,0,
2237,microcopi,1,0,
2238,forcespinninga,1,0,
2239,descript,1,0,
2240,elovich,1,0,
2241,aerospac,1,0,
2242,countri,1,0,
2243,methodcentrifug,1,0,
2244,inop,1,0,
2245,dispens,1,0,
2246,surround,1,0,
2247,heater,1,0,
2248,weaken,1,0,
2249,view,1,0,
2250,pneumat,1,0,
2251,delic,1,0,
2252,grip,1,0,
2253,elastom,1,0,
2254,compliant,1,0,
2255,lamina,1,0,
2256,laser,1,0,
2257,disc,1,0,
2258,sugar,1,0,
2259,insensit,1,0,
2260,regard,1,0,
2261,decay,1,0,
2262,repetit,1,0,
2263,enlighten,1,0,
2264,multipli,1,0,
2265,regress,1,0,
2266,side,1,0,
2267,garner,1,0,
2268,zein,1,0,
2269,dia,1,0,
2270,refract,1,0,
2271,blower,1,0,
2272,spinnerett,1,0,
2273,fetu,1,0,
2274,biophys,1,0,
2275,pro,1,0,
2276,fibronectin,1,0,
2277,believ,1,0,
2278,untest,1,0,
2279,fibrillogenesi,1,0,
2280,appendag,1,0,
2281,bioprotein,1,0,
2282,paradigm,1,0,
2283,waxd,1,0,
2284,smoothest,1,0,
2285,thermo,1,0,
2286,widespread,1,0,
2287,polyamid,1,0,1
2288,isopropoxid,1,0,
2289,vinylalcohol,1,0,1
2290,attain,1,0,
2291,histor,1,0,
2292,herald,1,0,
2293,moist,1,0,
2294,plant,1,0,
2295,hydrolys,1,0,
2296,affirm,1,0,
2297,formaldehyd,1,0,
2298,inspect,1,0,
2299,turbid,1,0,
2300,manifest,1,0,
2301,flame,1,0,
2302,retard,1,0,
2303,hope,1,0,
2304,fitter,1,0,
2305,round,1,0,
2306,polyhedron,1,0,
2307,burr,1,0,
2308,public,1,0,
2309,nanoyarn,1,0,
2310,electrospn,1,0,
2311,preserv,1,0,
2312,molten,1,0,
2313,accumul,1,0,
2314,occas,1,0,
2315,oc,1,0,
2316,circumferenti,1,0,
2317,wire,1,0,
2318,anemomet,1,0,
2319,auxiliari,1,0,
2320,glycerol,1,0,
2321,dexamethason,1,0,
2322,stimulatori,1,0,
2323,trabecul,1,0,
2324,bigger,1,0,
2325,academia,1,0,
2326,contributor,1,0,
2327,expens,1,0,
2328,curl,1,0,
2329,leaki,1,0,
2330,prevail,1,0,
2331,academ,1,0,
2332,workstat,1,0,
2333,continuum,1,0,
2334,massless,1,0,
2335,pib,1,0,
2336,pb,1,0,
2337,feedstock,1,0,
2338,domest,1,0,
2339,beadi,1,0,
2340,wast,1,0,
2341,multistep,1,0,
2342,previous,1,0,
2343,costli,1,0,
2344,seamless,1,0,
2345,capillar,1,0,
2346,shield,1,0,
2347,electromagnet,1,0,
2348,modern,1,0,
2349,ultrahigh,1,0,
2350,silicagel,1,0,
2351,fr,1,0,
2352,pronounc,1,0,
2353,ceas,1,0,
2354,equival,1,0,
2355,km,1,0,
2356,minut,1,0,
2357,elicit,1,0,
2358,multiscal,1,0,
2359,leaflet,1,0,
2360,fibrosa,1,0,
2361,semilunar,1,0,
2362,invas,1,0,
2363,deploy,1,0,
2364,transap,1,0,
2365,pulmonari,1,0,
2366,ovin,1,0,
2367,hygroscop,1,0,
2368,deliber,1,0,
2369,itraconazol,1,0,
2370,month,1,0,
2371,devitrif,1,0,
2372,freshli,1,0,
2373,risk,1,0,
2374,coin,1,0,
2375,pcr,1,0,
2376,bioanalyt,1,0,
2377,microreactor,1,1,
2378,bench,1,0,
2379,submerg,1,0,
2380,dpcr,1,0,
2381,contamin,1,0,
2382,picolit,1,0,
2383,lab,1,0,
2384,suppli,1,0,
2385,nonvolatil,1,0,
2386,custom,1,0,
2387,precipit,1,0,
2388,ensur,1,0,
2389,mer,1,0,
2390,para,1,0,
2391,aramid,1,0,1
2392,dna,1,0,
2393,opposit,1,0,
2394,immisc,1,1,
2395,nanotextil,1,0,
2396,evolv,1,0,
2397,runner,1,0,
2398,prefer,1,0,
2399,belong,1,0,
2400,bioactivemolecul,1,0,
2401,regenerativemedicin,1,0,
2402,topolog,1,0,
2403,pivot,1,0,
2404,intercellular,1,0,
2405,deep,1,0,
2406,tuneabl,1,0,
2407,last,1,0,
2408,butylen,1,0,
2409,adip,1,0,
2410,pbat,1,0,
2411,account,1,0,
2412,princip,1,0,
2413,calf,1,0,
2414,salin,1,0,
2415,scarc,1,0,
2416,gave,1,0,
2417,stabli,1,0,
2418,convect,1,0,
2419,half,1,0,
2420,ragwort,1,0,
2421,lotu,1,0,
2422,protrus,1,0,
2423,imit,1,0,
2424,slide,1,0,
2425,suscept,1,0,
2426,enzymat,1,0,
2427,cultiv,1,0,
2428,foster,1,0,
2429,cartilag,1,0,
2430,fulfil,1,0,
2431,immobil,1,0,
2432,nonfunction,1,0,
2433,pm,1,0,
2434,pack,1,0,
2435,board,1,0,
2436,highspe,1,0,
2437,pair,1,0,
2438,nonsolv,1,0,
2439,slicon,1,0,
2440,pori,1,0,
2441,columb,1,0,
2442,atact,1,0,
2443,neutron,1,0,
2444,bring,1,0,
2445,grid,1,0,
2446,stationari,1,0,
2447,decompos,1,0,
2448,proxim,1,0,
2449,distal,1,0,
2450,dissect,1,0,
2451,centella,1,0,
2452,asiatica,1,0,
2453,substratum,1,0,
2454,intern,1,0,
2455,effluent,1,0,
2456,dianix,1,0,
2457,fractur,1,0,
2458,crystallis,1,0,
2459,brush,1,0,
2460,branch,1,0,
2461,interlock,1,0,
2462,later,1,0,
2463,benchmark,1,0,
2464,figur,1,0,
2465,granular,1,0,
2466,steadili,1,0,
2467,la,1,0,
2468,polyest,1,0,
2469,benzenetrisamid,1,0,
2470,matter,1,0,
2471,correspondingli,1,0,
2472,split,1,0,
2473,issu,1,0,
2474,biopharmaceut,1,0,
2475,classif,1,0,
2476,monolith,1,0,
2477,glassi,1,0,
2478,calorimetr,1,0,
2479,polyhedr,1,0,
2480,oligomer,1,0,
2481,silsesquioxan,1,0,
2482,nanofil,1,0,
2483,monomer,1,0,
2484,thermomechan,1,1,
2485,harsh,1,0,
2486,sncl,1,0,
2487,gase,1,0,
2488,exceed,1,0,
2489,acetylen,1,0,
2490,fragil,1,0,
2491,intuit,1,0,
2492,breadth,1,0,
2493,photocur,1,0,
2494,poroussn,1,0,
2495,inert,1,0,
2496,wavelength,1,0,
2497,colorimetri,1,0,
2498,rheomet,1,0,
2499,potato,1,0,
2500,crown,1,0,
2501,carbonis,1,0,
2502,concurr,1,0,
2503,hrtem,1,0,
2504,ferromagnet,1,0,
2505,congo,1,0,
2506,biochemistri,1,0,
2507,instruct,1,0,
2508,clarifi,1,0,
2509,encourag,1,0,
2510,genesi,1,0,
2511,fidel,1,0,
2512,cardiac,1,0,
2513,question,1,0,
2514,tabul,1,0,
2515,valvular,1,0,
2516,anatomi,1,0,
2517,physiolog,1,0,
2518,feed,1,0,
2519,macro,1,0,
2520,meter,1,0,
2521,obvert,1,0,
2522,spectrometri,1,0,
2523,ig,1,0,
2524,fructooligosaccharid,1,0,1
2525,sc,1,0,
2526,inulooligosaccharid,1,0,1
2527,hydrolysi,1,0,
2528,endoinulinas,1,0,
2529,aspergillu,1,0,
2530,niger,1,0,
2531,inulinas,1,0,
2532,immobilis,1,0,
2533,exchang,1,0,
2534,rezex,1,0,
2535,rso,1,0,
2536,column,1,0,
2537,biocatalyt,1,0,
2538,reactor,1,0,
2539,interparticl,1,0,
2540,demension,1,0,
2541,polybuten,1,0,
2542,polyisobutylen,1,0,1
2543,hoop,1,0,
2544,fene,1,0,
2545,llc,1,0,
2546,quartz,1,0,
2547,avomet,1,0,
2548,lumin,1,0,
2549,colorimet,1,0,
2550,photoelectr,1,0,
2551,omega,1,0,
2552,transmitt,1,0,
2553,laid,1,0,
2554,underli,1,0,
2555,timescal,1,0,
2556,interplay,1,0,
2557,window,1,0,
2558,adapt,1,0,
2559,octadecyl,1,0,
2560,montmorillonit,1,0,
2561,antifung,1,0,
2562,candida,1,0,
2563,fungal,1,0,
2564,microorgan,1,0,
2565,packag,1,0,
2566,preceram,1,0,
2567,polyvynilpyrolidon,1,0,
2568,pyrolys,1,0,
2569,sioc,1,0,
2570,techna,1,0,
2571,polymethylmethacryl,1,0,1
2572,lifepo,1,0,
2573,radiat,1,0,
2574,bubbl,1,0,
2575,push,1,0,
2576,drum,1,0,
2577,deflect,1,0,
2578,thicker,1,0,
2579,skill,1,0,
2580,airflow,1,0,
2581,navier,1,0,
2582,stoke,1,0,
2583,fairli,1,0,
2584,electrocentrifug,1,1,
2585,lain,1,0,
2586,de,1,0,
2587,lastli,1,0,
2588,micron,1,0,
2589,arsen,1,0,
2590,simpli,1,0,
2591,confin,1,0,
2592,neuron,1,0,
2593,neurit,1,0,
2594,wider,1,0,
2595,unclear,1,0,
2596,fibroin,1,0,
2597,secondari,1,0,
2598,fesem,1,0,
2599,fir,1,0,
2600,wxad,1,0,
2601,opm,1,0,
2602,coil,1,0,
2603,thermost,1,0,
2604,trombocyt,1,0,
2605,fluoresc,1,0,
2606,microb,1,0,
2607,gastro,1,0,
2608,tract,1,0,
2609,consum,1,0,
2610,yeast,1,0,
2611,saccharomyc,1,0,
2612,boulardii,1,0,
2613,lactobacillu,1,0,
2614,bifidobacterium,1,0,
2615,biopolymer,1,0,
2616,bell,1,0,
2617,polyvinylalcohol,1,0,
2618,suspend,1,0,
2619,surviv,1,0,
2620,incub,1,0,
2621,shorten,1,0,
2622,tzp,1,0,
2623,colloid,1,0,
2624,notic,1,0,
2625,pseudoplast,1,0,
2626,flake,1,0,
2627,facet,1,0,
2628,bioi,1,0,
2629,accord,1,0,
2630,neck,1,0,
2631,phi,1,0,
2632,accomplish,1,0,
2633,dicalcium,1,0,
2634,dichlorid,1,0,
2635,hpo,1,0,
2636,pyrophosph,1,0,
2637,neglig,1,0,
2638,inconsist,1,0,
2639,precis,1,0,
2640,marin,1,0,
2641,harm,1,0,
2642,handspin,1,0,
2643,star,1,0,
2644,viewpoint,1,0,
2645,idea,1,0,
2646,scope,1,0,
2647,effortlessli,1,0,
2648,aminopropyltrimethoxysilan,1,0,
2649,aptm,1,0,
2650,aminoethyl,1,0,
2651,aeapt,1,0,
2652,delay,1,0,
2653,brunauer,1,0,
2654,emmett,1,0,
2655,teller,1,0,
2656,azo,1,0,
2657,enorm,1,0,
2658,pe,1,0,
2659,ohnesorg,1,0,
2660,similarli,1,0,
2661,polycarbon,1,0,
2662,coax,1,0,
2663,behav,1,0,
2664,space,1,0,
2665,microenvironment,1,0,
2666,reason,1,0,
2667,infinit,1,0,
2668,arbitrari,1,0,
2669,criterion,1,0,
2670,converg,1,0,
2671,plane,1,0,
2672,map,1,0,
2673,twin,1,0,
2674,forcespinn,1,0,
2675,incid,1,0,
2676,nonion,1,0,
2677,triton,1,0,
2678,trend,1,0,
2679,counterpart,1,0,
2680,citric,1,0,
2681,organozinc,1,0,
2682,multinuclear,1,0,
2683,fire,1,0,
2684,schedul,1,0,
2685,kj,1,0,
2686,overview,1,0,
2687,compressor,1,0,
2688,proof,1,0,
2689,admix,1,0,
2690,polydispers,1,0,
2691,incompat,1,0,
2692,box,1,0,
2693,benkhen,1,0,
2694,kg,1,0,
2695,tetrachlorid,1,0,
2696,ticl,1,0,
2697,acetylacetonatotitanium,1,0,1
2698,nuclear,1,0,
2699,resolut,1,0,
2700,defer,1,0,
2701,medic,1,0,
2702,tetracyclin,1,0,
2703,evenli,1,0,
2704,zr,1,0,
2705,react,1,0,
2706,polyzirconium,1,0,
2707,apparatu,1,0,
2708,slower,1,0,
2709,span,1,0,
2710,transistor,1,0,
2711,propel,1,0,
2712,complement,1,0,
2713,analyt,1,0,
2714,doi,1,0,
2715,floss,1,0,
2716,john,1,0,
2717,son,1,0,
2718,nucleat,1,0,
2719,void,1,0,
2720,vac,1,0,
2721,vestor,1,0,
2722,corp,1,0,
2723,louisvil,1,0,
2724,ky,1,0,
2725,bowl,1,0,
2726,cadco,1,0,
2727,oxnard,1,0,
2728,turbomax,1,0,
2729,dentspli,1,0,
2730,raintre,1,0,
2731,essex,1,0,
2732,sarasota,1,0,
2733,fl,1,0,
2734,nondestruct,1,0,
2735,microtomograph,1,0,
2736,microtomographi,1,0,
2737,proprietari,1,0,
2738,kruskal,1,0,
2739,walli,1,0,
2740,anova,1,0,
2741,mann,1,0,
2742,whitney,1,0,
2743,neonat,1,0,
2744,ventricular,1,0,
2745,cardiomyocyt,1,0,
2746,myocyt,1,0,
2747,cytoskeleton,1,0,
2748,beat,1,0,
2749,multicellular,1,0,
2750,laminar,1,0,
2751,titania,1,0,
2752,solar,1,0,
2753,worthwhil,1,0,
2754,mention,1,0,
2755,hydrolyt,1,0,
2756,physiochem,1,0,
2757,exert,1,0,
2758,esterif,1,0,
2759,polysaccharid,1,0,1
2760,yttrium,1,0,
2761,garnet,1,0,
2762,exotherm,1,0,
2763,raleigh,1,0,
2764,laplac,1,0,
2765,begin,1,0,
2766,constitut,1,0,
2767,biopolyest,1,0,
2768,hvdroxvbutvr,1,0,
2769,hvdrolyt,1,0,
2770,markedli,1,0,
2771,puriti,1,0,
2772,exer,1,0,
2773,mark,1,0,
2774,proceed,1,0,
2775,eros,1,0,
2776,accompani,1,0,
2777,collaps,1,0,
2778,contract,1,0,
2779,oder,1,0,
2780,meso,1,0,
2781,run,1,0,
2782,rnesopor,1,0,
2783,isotrop,1,0,
2784,coal,1,0,
2785,pitch,1,0,
2786,cubr,1,0,
2787,microanalysi,1,0,
2788,epala,1,0,
2789,turn,1,0,
2790,redox,1,0,
2791,young,1,0,
2792,macropor,1,0,
2793,spong,1,0,
2794,vitamin,1,0,
2795,kd,1,0,
2796,dextran,1,0,
2797,hold,1,0,
2798,piec,1,0,
2799,inter,1,0,
2800,cohes,1,0,
2801,destruct,1,0,
2802,disrupt,1,0,
2803,undertaken,1,0,
2804,impuls,1,0,
2805,puls,1,0,
2806,fusarium,1,0,
2807,moniliform,1,0,
2808,mrc,1,0,
2809,mycotoxin,1,0,
2810,rcm,1,0,
2811,pyridin,1,0,
2812,redissolv,1,0,
2813,aliquot,1,0,
2814,wash,1,0,
2815,lubrici,1,0,
2816,piston,1,0,
2817,unlubr,1,0,
2818,tic,1,0,
2819,wear,1,0,
2820,boron,1,0,
2821,bn,1,0,
2822,mum,1,0,
2823,antifoul,1,0,
2824,pigment,1,0,
2825,steel,1,0,
2826,microprob,1,0,
2827,scali,1,0,
2828,spheric,1,0,
2829,unevenli,1,0,
2830,monoton,1,0,
2831,cool,1,0,
2832,cr,1,0,
